,gam,gam_arima,gam_arima2,gam_sa,kal_gam_static,kal_gam_dyn_gs,kal_gam_dyn_em,kal_gam_dyn_big,rf,rf_arima,gb,gb_arima
0,58063.8732266061,57766.0070087484,57787.2082719205,50601.2652102723,57554.41325575175,57570.659270544886,57896.778244420806,57119.88564442809,58940.10375000001,58329.31037936154,60792.95777079202,59280.69482069209
1,57328.50462071,57149.385483252685,56965.6574087037,51677.0910877294,57361.824317456354,57250.828816951616,56197.98751477645,52996.85977609089,57745.00624999999,56158.40790637151,57267.95494125752,54454.935559833066
2,54508.7433885189,53689.18550467333,53529.7294786916,49274.276629691,55001.06231389729,54529.396481078686,52674.74873942225,52973.256081060616,54341.94520833332,52312.596375007015,55164.70666273748,52528.13806919129
3,52079.9533122253,48390.17174949916,50940.9956528115,46913.4149067792,52452.01158734272,51463.23798135093,48751.189939184376,49005.886311644725,50929.75020833333,48354.79171737285,52799.02299882136,49136.12117484172
4,51136.5078306591,46611.32149381331,49911.2009073529,46528.1764368192,51051.31960053808,49713.9036023181,47079.74483318635,47191.33911179309,52433.911875,49974.82217300057,51608.46761669827,47543.796796639406
5,47431.9490758452,42626.08125773039,46237.663296115,47431.9490758452,47303.60507620342,46042.85408909369,45307.28736217882,44937.20816652462,52180.58270833332,48187.45790825284,50414.30692217423,45785.038728608655
6,48147.0660507299,46649.43818498711,47569.7639115926,48092.445283215,47380.90934556604,46143.481940518,45748.79792252656,47051.98806505356,51007.75625000003,46200.51317432415,49880.01572115989,45175.64322274654
7,56020.2672809683,55526.19683653918,55550.7208744857,48557.6592646345,55539.43914211447,53851.50423465204,51264.86322170047,52244.4237928806,56706.10729166668,52087.31679122521,55752.66472621242,51625.27182686326
8,56648.511162955,51040.829727378165,55190.0861080218,50997.0976299743,56033.14102547712,54103.45041768842,52156.15887025361,49684.7876892629,55545.51520833335,49992.45224524414,57127.37087596452,51894.08830563936
9,57840.8515532128,53777.144105969855,55829.0394478686,52606.384794385,56973.49895917501,54840.87163365664,53040.07232178794,52574.31631229061,55963.51354166668,51231.94053522944,57862.84550552074,52362.74922938449
10,58917.4022216884,54062.703979214624,56733.3800017839,53750.8638162423,57822.8516129149,55450.97384552654,53424.84364956676,53057.259706714445,57922.24812500001,52795.43075499407,58598.98606759698,53059.26428130437
11,56846.4303637652,53114.1525849908,55071.7929027882,52238.0989699253,56034.42088046462,53344.24798090245,51133.38233245049,50467.15489184113,54420.07791666667,49069.67655348395,55996.56241474521,50591.28186055568
12,49540.0068116075,45077.201159741046,48553.6226427551,49540.0068116075,49124.03240490356,46552.02546645579,46970.48067020327,45991.893654329295,49555.04354166666,45477.205872352,49368.940239817,44609.59046480003
13,49350.8469588203,46354.88315264961,48588.2775564109,49296.2261913054,49416.65415420475,47110.6548059468,48275.99549611359,50313.88010589771,49333.00812499999,45197.52820896623,48528.97154331353,44381.57014204954
14,61045.7239374031,58578.751364784766,60034.2343634962,53583.1159210693,59827.275301860034,57164.45830124733,54774.16839502603,56004.66958205551,61106.860208333324,58302.657765480406,58894.55800545236,55955.09036393786
15,60112.5489334555,54691.95670257535,58582.7126604188,54461.1354004748,59291.89651716269,56429.52205768157,55038.47789192419,51003.84501048642,59501.64125000001,55047.791007874905,59656.50512665621,55979.54251343154
16,58113.7253394568,53313.03994508209,56214.0424623511,52879.258580629,57572.30132395178,54490.47752792269,53080.33735609514,52814.65594720615,57736.94104166667,53225.63947204767,57420.23225531999,53005.23047086965
17,57379.1141733133,52295.556712984,55215.9590195241,52212.5757678672,56804.28683323658,53563.48657097616,52302.02008885398,52471.258269518,57630.91187500002,53629.01716285967,57046.962899458136,52906.64970838578
18,55323.6955127548,51129.20077647328,53635.2857958506,50715.3641189149,54902.47979067488,51529.93170956565,50270.00882214653,50488.12386375819,56547.681249999965,52408.22375549231,55215.364340593325,51274.9773933643
19,47169.2558309521,44023.66550152456,46111.485829137,47169.2558309521,47565.41547185233,44446.86746855912,45116.0293151379,45760.412988333046,50834.11208333333,46204.39624913226,48806.425152443386,44869.569799959776
20,42836.7926908814,42106.17511906049,42474.4300163412,42782.1719233665,43894.04829269131,40853.739121031365,41392.23560815659,43652.74039331565,45534.13833333335,40180.07624926089,44312.08392347826,40439.38449752446
21,50239.8086232471,46852.72158791668,49453.3927789266,42777.2006069133,49887.783413754165,46212.31312035496,42732.38069857875,46026.02653538678,50552.06250000002,45868.82447903539,50606.235436332005,46884.715820707
22,48482.2562627453,43055.1645502983,46887.1931264463,42830.8427297646,48521.67073355153,44768.67249114705,43146.73719398653,42071.23941891849,49193.455000000016,43609.03063168831,47937.9559365921,42981.84008766626
23,47240.595416305,43996.24999343202,45622.8594414364,42006.1286574772,47438.5630072099,43661.70212328096,42582.02423616232,43285.891338190966,48004.76479166667,42796.42470767002,46838.09118049046,42674.14849917682
24,46077.6720433299,41067.65331753249,44414.7596198884,40911.1336378837,46323.83310081627,42482.96482538762,41685.14104404441,42444.6350225177,46892.06937500002,41588.896070312505,46367.50281814351,42312.21920032121
25,44861.2029964233,41408.89416049855,43682.5207596652,40252.8716025834,44794.7334608269,40974.27466604137,40534.32136526349,41305.920524335954,45384.26666666669,40564.83041788443,45688.11265055817,41824.78466340549
26,39418.3649406004,36129.17103830759,38714.5773955653,39418.3649406004,39099.176213419705,35785.86414726244,37190.22385946283,38312.19051274286,42381.72041666668,37764.6058584087,41436.04299094714,37118.61747123297
27,33414.3170071965,30023.72428384313,32935.9563453061,33359.6962396816,37473.08729948364,34492.9173013706,36385.64720152653,38646.85270118945,39497.25458333333,34554.24868026556,37990.85307311899,33775.86629979019
28,41086.0328586524,39029.08230041702,41061.0746134819,33623.4248423186,44802.7828987402,41253.99607924672,39828.279644041,41845.18070723039,42117.60770833336,38244.88406768854,41134.91027989882,38428.38000914079
29,45511.1979050891,39577.01998136675,45101.2443960819,39859.7843721084,44912.130517275626,41345.802459732186,39909.12725497714,38793.91972543845,44954.38708333334,40573.24503965894,45272.31136614295,42013.30008991919
30,46150.0075202346,43137.09942893271,45413.3042407334,40915.5407614068,45890.06372141823,42423.90605642577,41682.53514321865,41106.762095342616,44682.86479166667,41290.194024002536,45224.6332188984,42232.39195249883
31,45856.7725228228,41092.49678160183,44579.6042779749,40690.2341173767,45319.24551714745,41943.50358244685,42046.57132359782,42556.49419434977,44506.01291666667,41891.83700657694,43404.32915168541,40945.60687789855
32,44762.3042389175,40322.96103327947,43595.0565629354,40153.9728450776,43964.62501137184,40755.10241452231,41501.92480522449,42304.76426271007,43438.94104166666,40856.86280837354,42762.75170876175,41165.54004972019
33,39423.0238966841,36192.101822084325,38884.7611837608,39423.0238966841,38686.46457484458,36140.14682938893,38705.87620800378,39624.71472686387,38942.58145833334,36623.67771007621,39854.17903887614,38416.8947478031
34,38327.6088773875,39218.24519881558,38604.2742874465,38272.9881098726,37422.646544020936,35193.94667837473,37588.817431207965,39039.43044189814,36464.247500000005,34515.091369306305,39293.67227108129,37483.348117678106
35,45301.0576102404,42701.53612339347,44733.9075373428,37838.4495939066,44135.978361524045,41149.10906153628,40802.71999393571,40571.200658616144,44580.26104166665,44065.36334233057,44378.210692526176,42649.33778679267
36,46130.9662689561,42462.79203396366,45232.7623263133,40479.5527359754,44984.6581178819,42257.31009535149,42532.4196090249,40415.26351220091,43056.02770833336,41425.17150880286,44525.55602020559,42652.17434016711
37,45759.528024344,42740.7568303466,44811.436374655,40525.0612655162,44910.144185753175,42271.31746905194,42590.742410343264,42137.00825455939,43140.72062500001,42112.34040355968,44292.81746512708,42650.52612893345
38,45147.0744374518,41914.05935499846,44139.5480564116,39980.5360320057,44576.32336775279,41992.0842737762,42349.52143275735,42458.2825666936,44150.56666666668,43214.45130020281,42933.57650788439,41271.25982968421
39,44156.3017597079,40923.31441005946,43323.521259473,39547.970365868,43542.48820896643,41070.20132781623,41551.51581174589,41813.05509050926,42908.49,41860.84037141064,42551.60964864508,41233.9866193493
40,39111.8369269247,36949.10689934815,38525.0592606262,39111.8369269247,38509.545382246906,36694.29235100612,38277.1698974799,39331.61597568114,38900.14750000001,37960.46316095094,39854.17903887614,38380.07699346983
41,37420.9540768009,36287.77671921299,37008.1710439555,37366.3333092859,36853.922078285344,35245.06437103814,36879.008352273,38386.26204574782,36396.0,34970.793993136496,38244.376642639465,36481.64781474602
42,44760.5572316863,42429.748891709954,44402.2109123617,37297.9492153525,43798.71627241816,41355.77021744788,41337.18741288671,40734.28214186449,44022.91916666666,43855.38858992711,43787.8411524785,42368.72337063767
43,45802.5526311984,42213.8940205836,45002.8439975224,40151.1390982177,44793.62976682633,42568.749143170746,42387.69160814479,40408.49013941073,43631.40229166667,42047.12626262428,44161.899874514864,42310.23992039746
44,46318.7826669469,43418.59275316591,45414.7287316973,41084.315908119,45270.37355886702,43139.44806309828,43052.109788964575,42678.640056134056,44026.708125,42784.97605890368,44870.18585568421,43483.19138063202
45,47308.1571809064,43790.67856266174,46328.9339310015,42141.6187754603,46046.2835490348,44022.75231029495,44115.28429883434,44258.6131164132,44650.07979166668,43787.38083754234,45389.02279245914,44002.72565824339
46,41790.9039050279,38399.52827115169,40951.354778691,37182.572511188,45273.72366731476,43342.852997740425,43492.523515187415,43484.84668446966,42248.17604166666,41647.004048740695,41140.230107978496,39710.164936678935
47,39018.9878392524,36547.79364380808,38525.8054313915,39018.9878392524,37763.95148340828,36132.26941260941,36502.91560578898,36731.847166323714,37829.69854166667,36338.03446874119,41309.2233329189,39700.25540804445
48,38187.8332198046,37524.453992890776,38171.6140711759,38133.2124522897,37373.75224008906,36060.70588936373,37905.31950238385,38712.301592830365,37289.47562500001,36841.29444573152,38709.12424345891,36884.95783220248
49,44659.5726350943,42690.80125044223,44477.0616069329,37196.9646187605,43850.08667134375,41591.20379055818,40041.67657772366,40898.63237514357,43614.41875,43592.91107463831,43389.36540377726,42260.49370560958
50,44836.4513944269,41884.964809213256,44253.321382686,39185.0378614462,44033.79539533261,41993.40786845818,41821.371019687336,40261.32940482287,42993.16854166666,42137.81874606916,42869.92178804433,41489.83651027205
51,44610.4773502613,41658.5518525231,43772.2670206398,39376.0105914334,43971.92359398077,42020.44911229215,42145.30536415585,42014.090380925954,42860.74145833335,42087.522304143975,43518.23056037159,42482.30763234883
52,44147.5796948678,41849.559445390805,43091.8919504349,38981.0412894216,43748.50945170099,41799.04919549109,41934.83138764087,41834.2765807898,42949.49145833334,41850.39833587455,43244.76223277442,41779.89668731569
53,38458.8390924705,37376.4985392409,37774.4965435394,33850.5076986306,42664.9732985382,40796.17952629029,41026.585623030245,41368.07229073157,39644.96833333332,39345.18817277904,37462.02834243379,35954.02656246832
54,36609.141746801,36970.20975465379,36609.5705441939,36609.141746801,36095.2485539748,34658.712571322525,35732.11899646692,35594.48676713485,37038.20395833333,35879.68042304723,38933.66979779054,38198.61266046551
55,36146.6490386595,34857.371167445686,36191.4392578384,36092.0282711445,35703.51391813799,34500.50663458299,36063.65026058491,36798.90708660837,36414.63541666667,35358.75631502722,37374.72373488144,35781.75278572955
56,44352.5113614289,43502.79685842443,44168.9678414334,36889.9033450951,44862.80994417019,42765.30660285025,41152.798543310695,42033.06952529229,44657.37354166668,43891.096711220336,44009.57986719609,42713.89348625267
57,47485.7934287174,45911.28402274514,47081.2629852048,41834.3798957367,47730.98035636919,45945.04812637424,44966.53217310385,42894.830820445,45231.162500000006,43953.23583664729,47274.11349079107,45966.94091004034
58,48617.7220132756,46048.7714123686,47965.0348190779,43383.2552544477,47719.894966047694,45907.106017165206,44910.44272957556,44308.65097756843,46012.78270833333,45246.89268932693,47094.70655289888,45570.728176262855
59,48690.0291309682,46367.18288044806,47937.0564511132,43523.4907255221,47797.45619588168,46018.23999996908,45506.72770249,45904.74835530092,47170.82124999999,46470.41006828239,46722.28697910324,45653.77283264378
60,47238.797779168,46309.49513701027,46702.8476900314,42630.4663853281,46619.25316029673,44947.92248758471,44778.79902683784,45437.18899373077,43753.06854166668,43146.22946597562,45447.74668197761,44310.00322689154
61,41266.5646052738,41416.826866169424,40828.879600951,41266.5646052738,41068.85002789493,40122.47466016955,41089.47202649134,42254.251685328665,42056.33708333337,42223.0042979914,41540.42819176976,40752.34066209834
62,38566.6501888223,38258.51444699054,38261.4460604501,38512.0294213074,38356.57061101333,37445.76645338423,38613.010876780405,39930.07177806591,37812.996458333335,36674.1381721789,38830.97919269749,37730.290584082606
63,44501.4892413278,42568.68615798058,44291.2377499984,37038.881224994,44123.82827881623,42006.753699353336,42527.3268329758,40736.68051473825,43980.22708333334,43787.33096183887,43797.59350533332,42525.74154453261
64,45002.3416571759,42534.157907711175,44447.7243277995,39350.9281241952,44833.60017526553,42888.466976087206,42564.25551637097,40046.831319848025,43377.59874999999,42442.36693455807,44108.253468807445,42834.7370122471
65,44834.7460098344,42946.47467719852,44063.8718945724,39600.2792510066,44782.294753368864,42839.18216522799,42453.83447912483,42085.15306831753,45054.28895833335,44312.94197600904,45125.94317679995,43845.974354099046
66,40272.134723989,37840.775065228176,39437.2503102828,35105.5963185428,44737.513201976166,42742.43435546891,42270.59439787613,42169.85891078326,41012.991666666654,39727.87263280585,40480.961491501774,38570.44289518669
67,42168.7316185873,39873.40004501852,41488.5303899786,37560.4002247474,41498.022605559294,39191.47104559651,37501.07477364267,37514.31077162971,43156.743125,40871.316298541664,43365.90339367278,41153.90626840144
68,37323.4488883305,35786.60911542192,36686.6249132058,37323.4488883305,37221.54310711906,35668.812493735175,35370.253261819234,36465.90514142106,38265.05854166667,35833.00410599669,39728.62878483761,36827.56576097632
69,36395.7850802324,35246.284483631025,36157.235915941,36341.1643127174,36077.15606526626,34757.48902269514,35909.82818755573,37605.8474613697,36365.18583333334,34619.60094804363,37907.085350399815,35349.8432332548
70,43114.1684386186,40536.08358760303,42845.5347658921,35651.5604222849,42377.350962468,39884.96832594636,38832.17618075214,39194.73893048439,42865.43979166666,41315.36204721831,42906.48950764105,40310.21013274971
71,44516.3834630778,42238.4599716656,44105.0953669713,38864.9699300971,43950.79242563286,41792.990762511065,41437.974323930175,39582.96169267295,42706.97083333332,40544.41521262893,43005.50677803816,40661.72878956086
72,44618.4594677581,42036.94300159323,43952.462148402,39383.9927089302,44100.91199191601,42056.62726414313,41944.60866019547,42026.02236840975,42747.13208333332,41051.31854007111,43037.47291156543,41258.07237252616
73,44264.1248508951,41677.617150856415,43514.1718331925,39097.5864454489,43848.15658329408,41874.15703540525,41942.1390334972,42515.33475816053,40753.82187500003,39307.20259894038,42268.874784930376,40636.33139820572
74,43770.901459758,42102.927497599885,43173.974689428,39162.5700659181,43335.95135924453,41520.1211159357,41843.7899005873,42084.76671790751,40828.88729166668,41033.61091931494,42114.72247202619,41278.77680241965
75,38672.3252849322,37658.225415391375,38423.4389200054,38672.3252849322,38514.26961043703,37502.729666767016,38085.921227364255,39307.22940198824,39080.13791666668,39173.28389503036,39757.67645719584,38990.95927802447
76,31865.0805833905,30817.617546746744,31553.1587813717,31810.4598158756,36426.243855858986,35513.53294902845,36589.581820178086,38172.84143702604,36174.30354166668,35341.96702426679,36730.75576548596,35466.19629448235
77,38394.6946931487,39162.791622614175,38919.1023169218,30932.0866768148,42509.08661078893,40398.240525796245,41545.68452840944,40150.49792148864,39747.48083333331,39330.14040682722,38834.20277557476,37771.79728671361
78,42718.683666405,40452.50007765866,42749.9823022754,37067.2701334243,42279.402619141714,40140.89251398816,38621.57572991536,36394.58040897811,42639.17479166666,41702.38268964098,42539.24976014571,41433.47922913433
79,44670.2538735929,43118.39448393191,44735.9637265004,39435.787114765,44395.94111408551,42475.22457124434,42260.96311529576,41736.84125389589,42779.45541666666,43176.79661346779,43104.82122212367,42823.90034247598
80,44826.9307015415,43798.33789589168,44362.3613688182,39660.3922960954,44796.92255301275,43003.28009837026,43330.15619323604,43693.20029238092,43132.70416666667,43417.35787469297,43193.67195443318,43003.060948195234
81,44517.2258543442,42760.02860050255,44054.4565265526,39908.8944605043,44374.76410595624,42783.89110469021,43315.37572884607,43760.89644952533,43280.32645833334,43013.82045730431,43660.75941982655,43391.08764623711
82,39762.7409440457,38708.21704937936,39495.0711354583,39762.7409440457,39500.49570424391,38758.85431653178,39634.06470094236,41332.50938814873,41015.15437500001,40664.28108829301,40293.58921048327,39931.81706578334
83,37875.5140401829,37940.204855906086,38210.1027341717,37820.893272668,37522.76963341359,36901.48598184944,37828.587770226935,39693.06145858138,37152.92291666667,35767.79056360107,38804.89697630966,38019.30169342524
84,44424.7131651772,43564.51237782267,44171.170805276,36962.1051488434,43742.46925738848,41943.32481547216,42918.6555772158,41229.28352916344,44498.07520833332,44477.71555188013,43054.54357263894,42222.40941697673
85,46216.6201040182,45089.2792097663,45948.3691153915,40565.2065710375,45490.24948763928,43976.35255281856,44220.51128368372,41267.36322483864,43634.67604166668,43152.32585859572,44563.5807078373,44272.50479860816
86,46405.8390874134,44770.43371096284,45953.8922773486,41171.3723285855,45761.8809454525,44339.59432261917,44546.015315616925,43943.70778047355,43786.865208333336,44085.776192060206,44452.55527772776,44228.31637301712
87,46396.7667418575,44659.72319702422,46056.3466552545,41230.2283364114,45716.30623229923,44340.26985131003,44609.09437722364,44543.67695633383,43990.63395833333,44140.58354569219,45187.16147139448,45032.900167895925
88,45659.9857339595,44020.4562418424,45352.127455387,41051.6543401196,44974.37966742672,43733.37359339999,44008.62553436043,44245.13691797729,43589.62229166666,43422.82083195404,44534.77955704635,43998.35207770015
89,40326.5015459301,39022.02265858608,39938.135679229,40326.5015459301,39876.01783167181,39445.179403210364,39451.2197766666,41574.62002989946,41064.32479166667,41299.20296576344,40037.18199689582,39578.36824930897
90,37897.0825869237,36780.57240008764,37535.03443564,37842.4618194088,37430.54663979354,37070.82201001222,37518.850773203405,39716.89198367605,37259.30500000001,36465.50804656207,38263.01345929058,37941.157256106526
91,44562.9349878958,43337.97140765182,44403.7685765504,37100.326971562,43748.06377450962,42216.93094191317,43378.765738043534,42012.0308851631,43004.67000000001,43345.92224722997,43825.88970607512,43317.79145697379
92,45750.5058162354,44378.9483452149,45483.7609161544,40099.0922832548,45166.88205610623,43905.94091917684,44146.12784664867,41239.79487469589,43289.96625000001,43726.12198878809,44062.74075528339,43678.446571190754
93,45824.4946847299,44384.554681005575,45503.999222028,40590.027925902,45359.46152057034,44205.05826120939,44425.81500179148,44082.55528213639,43521.13625000002,44274.16631540132,44229.91330705148,44123.19995313648
94,45800.121875215,44439.30819579667,45394.983875083,40633.5834697688,45355.40520631196,44250.1976576752,44502.62333829983,44509.0406932468,43619.40291666668,44143.47596321612,44167.58703957098,44145.55080169143
95,45165.0866065517,43861.2325651722,44827.9500830479,40556.7552127118,44716.32899030743,43742.22048024238,43938.40888694067,44146.26537979323,43563.926666666666,43721.078979891725,43762.3699301361,43788.0953118771
96,39871.523502238,38878.885386095615,39575.7998944098,39871.523502238,39696.95564816682,39496.84655860688,39204.64631077265,41068.60698395614,40734.269375,41145.10011543077,39948.48640761374,39908.57812108921
97,37790.4108053617,36817.47651063245,37623.021377554,37735.7900378467,37457.08780624755,37321.93962087511,37574.947507433055,39792.55085474157,37231.177708333336,37072.16635979815,38263.01345929058,38076.07091983276
98,44472.8923914621,43616.37227147352,44339.2980450269,37010.2843751283,43892.145581579134,42600.712791166006,43603.41626390743,42688.79733320657,43337.13354166669,43729.914368904,43530.81670402666,43155.42195501918
99,46259.6355414916,45511.2591147502,46062.9145206635,40608.222008511,46101.26938705516,45096.06250278876,45145.52297819954,42206.66262316548,43929.33958333336,44363.33966472512,44688.37334208884,44640.51467102059
100,47065.4355886362,46113.11944010119,46770.8982871071,41830.9688298084,47005.762570049286,46082.43739084687,45868.30070507457,45425.73180964159,45109.69854166667,45834.74373591208,46159.57908256806,46289.49458098088
101,47480.4818156987,46431.0461381621,47161.5176084914,42313.9434102526,47349.43457167395,46416.2309939824,46182.9558179504,45809.59091120321,45343.52312500001,45725.64145615471,46097.25281508756,45977.54416744464
102,46371.0417678499,45455.633305268624,46118.7085175882,41762.71037401,46285.68145917279,45413.4873925148,45298.02623398887,45134.14472335206,45090.07062500001,45414.494656612966,46287.2746150128,46305.34849267341
103,40805.2125399834,40155.82008243233,40638.2533964737,40805.2125399834,40755.148391066185,40618.80405285556,40158.87283832608,41939.87388300058,41399.114166666666,41813.00405566913,40642.30929599684,40199.97521399197
104,38098.5678181756,37458.17193013879,37888.8441804864,38043.9470506607,37891.05200683328,37778.07970534336,37820.19365770424,40245.22342698566,37339.96,37174.64746724659,38339.32822632076,38085.04881591373
105,44744.5168776403,44075.127463860816,44700.3450310907,37281.9088613065,44220.10414163934,42997.0084834034,44211.409414890346,43661.21403176068,43654.29604166668,44288.67066746906,43933.410820325495,43680.26334441194
106,45998.6412919433,45035.66888446151,45838.942950086,40347.2277589626,45815.26293023599,44857.2488976745,45086.95233308969,42074.0980103171,43471.03145833335,43995.275212790286,44504.9803123429,44417.28012345498
107,46405.8241182347,45381.78358356779,46252.0663210819,41171.3573594069,46177.917910294185,45305.287461655615,45430.37588339152,44931.568401387565,45079.33124999998,46210.14752058776,45735.85751559488,46017.63106310601
108,46320.2821564996,45614.73088677307,46179.1484003149,41153.7437510534,46161.803212651175,45316.90940990535,45574.986273128976,45275.58843976597,45502.47020833333,45978.84200418079,46564.34903998327,46517.20328757107
109,45506.3652637094,44509.30203259654,45356.1818923515,40898.0338698696,45302.38866224563,44588.92990606349,44806.09466417401,45126.53566221334,44053.05645833334,44059.40892157046,45081.95592669224,44668.649027052095
110,40353.5045845282,39751.581513908764,40158.8581697379,40353.5045845282,40224.36219411868,40271.37179874988,39891.53318179124,41719.39679919204,40969.78499999999,41648.03676043344,40536.52580661044,40298.301176338144
111,38764.2254352991,38389.89823260984,38718.5690443235,38709.6046677842,38407.91203527981,38559.36389441804,38781.33977574959,41224.02092509705,37876.21770833334,38038.18140382545,38339.32822632076,38212.2930766478
112,45089.5849626828,44607.15154803426,45089.8194296695,37626.976946349,44625.57999456141,43650.51736843119,44815.51251899893,44026.7510470416,44028.39187500001,44873.33695478886,44909.0287372328,45020.21200086935
113,46060.7416853081,45780.78172379218,46009.2385862991,40409.3281523274,45986.71247283615,45254.29096228946,45481.52455346733,42400.07916344248,43341.759166666685,43863.18050528349,44711.9455467724,44516.04938144957
114,46752.3731644572,46299.1909740428,46719.3811780964,41517.9064056294,46617.5336084354,46003.54264928017,46162.63368261897,45876.960845541646,44781.23520833333,46016.83929926842,45505.38885318162,45766.76864204621
115,47469.053894819,46864.0152826676,47399.4867468573,42302.5154893729,47341.97376548347,46804.93589736625,46927.40372103137,47022.92982070206,44991.96979166667,46071.63279563409,46335.408361385205,46800.72312680123
116,46380.8332381558,46340.08843164085,46348.9964460006,41772.5018443159,46385.87549557881,45929.17166730046,46089.52267660534,45840.52215452951,44249.93541666667,45410.58343062962,45630.257867968416,46203.61728761094
117,41048.331092776,40857.95043722612,41067.9837745657,41048.331092776,41005.27674862041,41267.96107965364,40959.9418941977,42482.41781726526,41573.089166666665,43087.65952323986,40716.56555690817,41288.94743324614
118,38715.3468339258,38273.60243747509,38632.4720970266,38660.7260664109,38526.26593699119,38840.82003053114,38901.20909953593,41456.99834805736,38423.41687500002,38962.12323678256,38731.05390835682,39046.10289149485
119,45579.8606918822,45068.31905754141,45513.3918622276,38117.2526755485,45081.460163039446,44325.25669817916,45583.338918251975,45090.99732883135,43280.6025,44283.55818349799,45295.245722602165,45531.38138308127
120,40924.1244794104,39373.43327155773,40348.6427971735,35272.7109464298,45355.74607418018,44581.0043526519,43686.26564808132,40234.6871165351,40902.36624999999,41321.02300753188,40119.23364430208,39180.47574883399
121,43990.1014426383,42988.016525897685,43630.5854303609,38755.6346838104,43560.85706647713,42467.62082726776,40335.45247917487,39534.76275997575,44702.07979166667,45072.93523810945,45352.80735208377,45127.7607695058
122,46166.9738690006,45566.63987863561,46312.9120210606,41000.4354635545,45975.400692329866,45033.997053696825,44721.49545515418,44454.68680785303,45263.12104166667,45712.01120336743,46454.95601077349,46133.64616281159
123,46054.1667709768,44582.88836447386,46376.713403481,41445.8353771369,45838.7417375298,45072.501717630126,45128.77914646493,45572.96021480409,45585.03770833334,45538.04143134945,45802.64689656389,45312.68234422516
124,41170.6408522635,40749.37444119057,41272.478789091,41170.6408522635,41116.750975882,41148.75025760399,41391.33575975688,42761.87969725978,41047.76145833333,41024.16310526696,41443.73558325126,40965.6416011247
125,39273.6528608145,38147.31697399736,38999.5356465623,39219.0320932995,39059.57401797837,39187.40396782211,39490.10410066639,41793.83047991839,38792.06791666667,38570.35979220661,39224.34915644195,38476.09734548755
126,45907.8969367,45122.83494483155,45363.9406408592,38445.2889203662,45324.88310104776,44362.1737873624,44615.11384129776,44983.813121388936,43158.06958333334,43040.40442689666,44527.714668206245,44228.925833540125
127,46731.3267472744,45938.382380646,46723.8197070262,41079.9132142937,46463.81976744678,45755.1086759242,45856.09103471815,43073.63021838972,43329.26000000002,44433.565384147005,44485.3326982736,44641.05659744157
128,46963.0257722681,46403.066948964886,47295.5902368791,41728.5590134403,46789.19976562991,46155.931322838456,46635.012939872606,45619.22567582567,44392.06145833335,46126.84083614559,46145.55609950618,46997.33090991606
129,46929.1011036251,46310.22277043307,46878.5030740147,41762.562698179,46789.851147279485,46202.00597428748,46644.744959300624,46382.51012121229,45211.984375,46590.41108512771,46300.13228116245,46796.14663887622
130,46218.0509155458,45815.71311916308,46091.4539835608,41609.7195217059,46041.11852184706,45576.52174859184,46016.65366873548,45873.82536331974,44767.41937499998,45947.59606252007,45856.53838042927,46278.1492633463
131,40636.7180859725,40044.62839312697,40522.3012108331,40636.7180859725,40575.38631862015,40825.10424919835,40724.47434424649,42080.10059400506,40925.3875,42126.52134171975,41425.58470508959,41697.0187691133
132,38304.3034061293,38047.599783916274,38383.5424872246,38249.6826386144,37991.31400248039,38338.27961207766,38746.92399973332,41151.96564481873,38446.036875,39777.78816999884,38590.36842652802,38858.258543806034
133,45494.6211330414,44821.97380592438,45695.3338228569,38032.0131167076,44928.415065973066,44287.06674315588,45428.948174739766,45371.94437035232,43832.70145833332,45196.8689393613,45170.28750552384,45579.53478847047
134,45951.104703362,45394.53455726545,45964.2979948289,40299.6911703813,45731.44162299642,45256.64916141301,45744.112965206376,41870.30777780302,47180.75895833334,48548.67794981499,47087.78962823616,47148.14243320441
135,45740.4063015698,45420.70573373425,45640.1864703029,40505.9395427419,45520.56518192348,45149.05658951503,45648.27245646792,45194.897362427495,47000.30999999998,47157.82243964961,46327.09214707719,45907.11784147643
136,46821.9541643507,46417.01147257759,46868.4566675147,41655.4157589046,46532.96076450236,46320.05920932554,46763.93165987154,47017.05135562074,47670.81520833334,47591.559918409,46766.15674276336,46458.813890919
137,47015.7269182151,46460.300486919296,47117.7384491193,42407.3955243752,46562.76760695467,46506.90219210922,46759.93032876387,46620.09909319555,45717.87645833335,45284.78619611927,46027.87255171128,45791.98817235746
138,40557.1051809111,40094.73860134102,40603.6819847741,40557.1051809111,40168.83155557007,40704.565173707895,40749.76138157901,41341.40333088965,42840.66479166667,43181.09407663324,41761.64443446106,41883.82688263143
139,37394.9654939345,37335.62981263298,37482.9844002807,37340.3447264195,36710.129745441045,37337.76976040991,38221.82774984464,40614.57315958208,38394.76624999999,37893.71096949286,37957.93005352136,37694.147934925066
140,42396.1531431563,42286.16393892014,42488.4595708534,34933.5451268224,42015.76714880049,41634.08154254654,43015.92169844584,43078.840339614406,41922.055625,41122.01276979811,42907.65021965963,42590.79202742133
141,42447.2340753277,41804.462999124175,42395.4585785171,36795.820542347,42015.56453411278,41777.9835080099,41858.40259666776,39247.47705538008,42291.63041666665,41577.12063352934,43472.98523541573,42726.73520781258
142,42753.1239899177,43034.93822907491,42655.3123138971,37518.6572310899,42298.89851082247,42150.78128775902,42201.25678250868,41918.23730661259,43163.80791666665,42679.99475642418,44131.96315869642,43248.93417590454
143,43706.9444558451,43112.892619425584,43509.5644290261,38540.406050399,43265.4444795128,43178.00063910632,43207.16167403336,42998.51612399472,44206.94729166668,43770.217780456376,45576.30868433385,44466.45633117427
144,44269.8126499909,44376.79609827503,44128.9640381134,39661.4812561511,43751.83387625085,43782.59592649063,43693.04045904634,43427.18928239745,44238.60312500001,43161.03174737599,46018.7615480917,44357.52137255836
145,39648.7446364229,39299.99556033364,39707.7539506645,39648.7446364229,39128.066426818375,39835.62002691708,40002.10959895342,40621.91488811036,42064.576875,41451.67385292635,41438.19765461135,39668.6714659781
146,38169.6635880472,38484.64515805875,38420.037458607,38115.0428205323,37597.81994503424,38455.75860641967,39128.94195192717,41130.24169245034,38433.83562499999,37527.94227355307,38463.49402009908,37058.95814891546
147,44466.349427233,43914.89558310174,44651.0738452434,37003.7414108992,43729.93198998422,43559.1258860852,43348.0888664128,43903.690113942255,43582.39062499999,43434.80237337496,43735.00982715474,43042.88523854775
148,44855.7306003997,44550.58285304628,44729.6649752128,39204.317067419,44330.99961377888,44334.10299954368,44136.91720220002,41891.66065338896,44100.73083333335,43547.22388176446,44060.795075549104,43167.49900669424
149,44493.3865829544,44706.88225330627,44235.1194455026,39258.9198241265,44104.837335903154,44120.14086499237,44029.047511626326,43444.32028885327,43819.57020833335,43471.62031463845,43436.38717135237,42787.51253495019
150,43655.9895411091,42757.68243683552,43325.9676824093,38489.4511356629,43119.19897087147,43060.17674938099,42986.775174988616,42710.44046874996,43176.42999999999,42915.52623717158,43766.96732247205,43466.90361471229
151,42455.6914801429,42020.192345878895,42262.5884143013,37847.360086303,42009.74681532613,42004.66830766253,41866.58385632357,42207.97636955428,42735.77770833333,42237.91830123567,43221.366394522025,42719.58704278667
152,32830.2655317348,33824.97659506647,32932.9241661154,32830.2655317348,37313.6246984143,38012.69888807697,38492.34627454437,39399.62709743604,39237.352291666655,39004.509624437465,37786.98634829407,37209.01346373531
153,35679.7191048213,35540.34063350928,36810.4416649329,35625.0983373064,35235.428578845414,36011.762266895166,36477.04287585148,38479.52027700995,36651.43041666669,36127.93617674341,37185.98016141056,37093.74807798871
154,42438.9737493713,41298.01170761906,42967.8330504286,34976.3657330375,41754.78602158981,41487.18171056696,41082.78797852127,41845.1643897202,41461.82249999999,41335.61456344512,42359.19342213484,42075.75841949787
155,43314.7388355067,41694.47264379892,43266.20184504,37663.325302526,42822.07438668048,42710.81876311144,42328.06490702541,39824.62177948032,42283.23166666668,41934.820893772776,43153.29212190954,42461.06685699053
156,44107.4522933787,43713.77381123912,43418.6329553816,38872.9855345508,43598.95029935466,43534.94072082569,43125.25602878284,42727.037762808846,43059.1575,42769.57279020872,44202.481513019,43339.64780216461
157,45163.0883176115,43150.54488190972,44519.162823591,39996.5499121653,44708.09107375794,44673.67679714887,44154.07853668624,44277.05701871128,44509.4079166667,44200.89555236444,44993.61214647695,44099.02648860711
158,44797.6661607902,45208.81948888542,44796.9479546467,40189.3347669504,44391.03127173224,44380.85346792679,43981.18885306595,43531.677239206176,45467.03333333335,45135.184264651376,44791.49013717831,44240.64087484621
159,39398.6978695417,42086.6509709984,40243.7817545616,39398.6978695417,39144.46534283795,39782.98752045912,40119.39842880139,40629.82445853041,40500.18062500001,39970.05868882338,40520.91445300889,39843.09581505168
160,37143.6912872315,38495.169622616886,37219.9216498814,37089.0705197166,36886.02085684763,37597.913396977405,38008.889854578425,40190.446538388,37477.04354166668,37093.52070285023,38380.23380534904,37666.27293100658
161,43562.9868243506,43806.18567322868,43310.7318710853,36100.3788080168,42916.12667780746,42523.57457667106,41946.43606310368,42566.935827144094,44030.21666666665,43913.39215227096,43702.39937728274,42898.95658279417
162,45114.6819616212,44976.99462703346,44924.6740841962,39463.2684286405,44656.62998253612,44493.15898543587,44354.51519262446,41855.4832338522,44790.66041666667,44221.703885857845,43860.291339340736,43053.00265744771
163,45593.0805882756,45437.16506733602,45558.3208306112,40358.6138294477,45224.9463072131,45111.04395760564,45089.94526810575,44337.58091485511,46174.10312500001,45865.68748844279,45304.14586321596,45290.0484833262
164,45810.8832866916,45394.155960781165,45739.4081784908,40644.3448812454,45587.78335555523,45481.95159165461,45512.010839098206,45249.07111249395,46383.706875,45590.04654166461,45398.65140408477,45254.96586532248
165,44770.7358621228,44753.69740946075,44625.5362981889,40162.4044682829,44668.74214268904,44608.532709124825,44579.48541305683,44390.55531948972,46245.87833333333,45555.09956309048,45263.338752250274,45094.30262309682
166,39402.0967110155,40170.92148177891,39290.5720653122,39402.0967110155,39605.639005015975,40257.09066357373,40167.268331043626,41789.87929425301,41200.19708333333,40138.53218114089,40312.730571815286,39741.27717579577
167,37333.0179918072,37708.24433973927,37302.5051822534,37278.3972242923,37167.80432091618,37828.588527011336,37389.73032791269,39984.220106493536,37468.801874999976,36088.78116668799,38550.89600441456,37913.12855631566
168,44222.8573970369,44390.31148005093,44256.1515045294,36760.2493807031,43696.51775864906,43257.376777400525,43435.23464747341,42943.4164179808,44182.475625,43679.57393237974,44174.83317809287,43596.55607583759
169,45521.0310199399,45771.90091002952,45444.885208465,39869.6174869592,45349.39968486727,45078.587526060175,45029.25164231271,41557.82955961781,45356.800625,44510.46028609556,44919.95058920996,44344.54015162055
170,45692.0775094107,46115.27870034671,45544.3739581801,40457.6107505828,45690.63686416969,45450.67763691006,45327.108005252565,44575.56393165092,45571.55520833333,44773.81172513573,45694.565122874286,45374.77121103988
171,45809.8842860373,46125.53133984379,45618.1018127699,40643.3458805912,45891.6147023416,45639.21486862108,45384.98402663433,45270.80863034336,46107.70125,45130.30507867777,45668.60578574608,45054.72777996903
172,45584.6481256712,45871.888847559865,45537.2606816649,40976.3167318313,45709.89148038406,45550.473119294365,45240.2122368514,45440.58030645892,46246.43395833335,45417.54658353286,45339.65351928045,44895.42604751416
173,40119.7656503066,40563.68571982208,40065.4784405329,40119.7656503066,40446.49759887258,40942.3994162829,40305.812196857165,41671.26662262365,41503.80270833332,40975.80573652324,40841.54310388613,40544.772094416505
174,37685.058896837,37957.72487111403,37690.233527988,37630.4381293221,37706.3309406357,38200.84900867914,37678.33599665669,40328.85937277254,37609.05270833332,36684.80548678169,38303.91903831886,37839.12550091599
175,44656.6819372723,44626.38878885361,44658.6051743133,37194.0739209385,44132.10564153106,43570.44447995818,44049.49501066681,43782.77756440446,44898.00208333334,44645.39786351324,44942.80515710989,44598.85502701689
176,46022.6789293336,45788.16692998962,45907.0810158964,40371.265396353,45846.77953734716,45474.821268437365,45551.778013603,42177.26585998371,45989.31749999999,45378.7891724019,44919.95058920996,44341.421514957045
177,46450.6102239403,46167.24748246883,46325.7532345526,41216.1434651124,46263.84444351574,45943.79089392356,45906.63790870855,45279.80629335508,46170.16208333333,45665.229658175216,45770.87988990446,45855.51400070319
178,46607.0964841714,46275.26785769201,46493.7108578726,41440.5580787253,46436.9930865236,46114.2031160277,46050.99957573879,45796.91547501719,46341.88187500001,45759.60848720843,45962.80847331649,45932.60588617174
179,45875.2285831691,45681.42268317608,45753.1308639017,41266.8971893292,45787.87356391615,45530.77082880168,45391.36454733636,45314.60901852088,46231.95583333335,45636.3350723001,45649.555737619645,45502.21747594625
180,40538.8089709759,40448.64353568696,40375.3033763476,40538.8089709759,40643.45535968086,41058.457151892064,40402.46368836434,42054.5887274202,41717.34270833332,41295.310501035,40917.85787091631,40730.5970110669
181,38606.1073545304,38438.55539831785,38593.7661817599,38551.4865870155,38550.55460819734,39019.97647329084,38619.12655303127,41383.58600710166,38365.28874999999,37517.65818744073,39168.91653518969,38898.67840282573
182,46082.3064691301,45820.80465136672,46088.22312422,38619.6984527963,45753.01428977357,45217.34482774959,45626.85880965954,45532.47900810733,45873.60479166666,45607.78632512227,45924.42057561051,45687.93260413149
183,47516.7902610393,46967.76300195323,47400.1355731723,41865.3767280586,47404.541767782925,46991.56631845658,46894.14531935928,42949.6378917718,46827.00791666667,46399.64714763537,46795.55052929358,46453.926199590096
184,47531.6474218349,47144.36721766994,47300.3590009336,42297.1806630071,47471.27092848752,47066.43579070146,46899.41620011133,46034.94689051175,47036.45520833335,46749.57109762683,46906.060708983096,46731.67385905303
185,47511.8341522699,47182.250329079696,47316.9215151656,42345.2957468237,47463.131910327415,47059.38594601578,46977.242055873474,46832.07748861784,47179.95104166669,46820.79132229666,47111.325701999456,47019.0426239311
186,46499.9605255342,45751.60864883912,46299.0609674423,41891.6291316943,46419.97112497332,46055.66080694612,45773.80611655748,45822.21335459701,46697.72854166667,46072.59969617552,46301.02488076706,45878.08049246186
187,41079.942654411,40612.27894193999,40895.4929815552,41079.942654411,41026.810195030834,41288.93076373603,40646.103160551065,42012.17718789882,41680.889375000006,41206.59730765577,40961.14651663848,40484.45286313362
188,38722.1303238138,38227.50108258759,38614.8616683285,38667.5095562989,38475.16782284529,38771.073493912685,38488.90349137692,41039.35766771215,38388.17541666668,37833.31959309706,39081.65347042525,38847.60963642703
189,45077.4480189359,44537.57751256049,44963.3204387234,37614.8400026021,44592.68619972018,43848.64561252263,44077.45882250216,44113.16918486272,45348.74083333333,45106.59675155099,45485.98213154017,45035.10500263305
190,46192.9258764252,45713.38500148377,46034.7579364201,40541.5123434445,45995.0302958668,45409.41010513858,45511.451435431954,42037.15423298984,46412.79437499999,45824.50176976761,46517.23278994657,45868.46659775641
191,46216.8292612317,45734.41106152587,45988.4550905349,40982.3625024039,46096.7122452953,45545.17504346379,45492.35161446851,44886.689388841965,45513.52499999998,44618.74083274483,47008.56732215122,46080.60219156432
192,46116.2570106313,45480.993097753606,45811.5509590397,40949.7186051852,46141.03503703425,45605.31239016308,45519.9747850827,45528.262405725465,45718.77416666664,45189.67828135756,46674.21532612279,45590.56609125112
193,46386.9352108801,46859.02639773812,46242.2528447894,41778.6038170402,47239.58692600079,46924.59099714735,46802.783169474,47624.14138357603,45771.48708333333,45426.557950332885,46973.96217730162,46089.034176708825
194,42881.499786776,43359.5582642044,42868.7026153298,42881.499786776,43557.22464742756,43918.96381757307,43241.74932313865,44134.8494966364,43971.58270833333,43948.52539706881,44045.748280689855,43123.39664203789
195,42639.77957133,42203.23401012868,42629.9234238011,42585.1588038151,42090.86309708856,42466.596080036914,41831.49355038304,43704.9083177436,40887.56333333335,40083.55267160715,43130.796757218464,42031.74431754903
196,49669.8075778577,48965.686929648095,49700.3939857013,42207.199561524,48488.4135544662,47838.069574564186,48461.184150693865,47538.89862578055,48267.428124999984,48738.59994671472,48138.59895249417,47368.72942121696
197,50024.6411442239,49417.14462591609,49945.4922332611,44373.2276112432,49341.01715002001,48913.304465687645,49695.689233182384,46505.05682086709,46397.38999999999,47058.75453552438,49158.39705845236,49216.94090216849
198,49150.8190091572,48695.93786602373,49070.7418692323,43916.3522503294,48761.25560320869,48417.298692018936,48981.16070879625,48896.88329448821,46103.07291666668,47776.18828838611,48145.0529141678,48291.3994449418
199,49097.3375309142,48430.43000525587,49029.7985577476,43930.7991254681,48633.20177315024,48349.57261642878,48683.49650611541,49079.93724030406,45770.46187499999,47345.55079924781,48074.67292731096,48326.75793950693
200,49470.404686489,49226.70804436796,49438.3764657303,44862.0732926491,48971.58510970022,48855.54049405903,49096.31237387602,49281.73512035866,48904.42833333333,50697.45802475277,48888.95815347485,49261.58133937425
201,46101.4391188189,45620.01092282656,46165.2777283467,46101.4391188189,45345.78419610746,45955.53239478512,45552.87675320023,46808.96255833795,45306.067708333314,47074.08479674843,46565.29688087371,47361.0494387601
202,44445.3491750574,43568.47603759056,44493.6913470668,44390.7284075424,43557.35913053437,44228.28273269229,44300.84142754303,46261.08097438911,44634.95124999999,46098.04390489933,44624.36770479852,44945.27224875095
203,51377.9263423807,51664.77321239917,51416.9984389194,43915.3183260469,50379.41609414109,50091.51646463654,51721.78516876702,50682.06827556963,51789.587500000016,53186.37707559058,52100.43324746996,52237.40796574559
204,52066.137878094,51810.91835775306,52070.8584767728,46414.7243451133,51191.07874550085,51080.89673971111,51937.47595789574,48266.82931279021,51226.695625,52358.12927883503,51677.03393007444,51671.298576415466
205,51373.4795238753,51715.96051025998,51403.1484964743,46139.0127650474,50765.98074382385,50772.75363346927,51411.801206153454,51521.59978328616,51605.6675,53001.21821387428,51529.1214916086,51919.025361510205
206,50273.1217987405,49805.85017815091,50324.901228235,45106.5833932944,49962.09792640141,49987.99958756335,50446.92556248532,50713.757455604224,50055.55020833332,50295.71338190544,50093.86245823992,50101.3868370867
207,49749.0357934533,50125.70257826358,49861.262863306,45140.7043996134,49388.819160247,49518.12554332308,49787.50889520171,49933.1349487077,50206.31520833331,50489.654784546125,50333.60286480392,50290.32883488266
208,45159.4795836952,44799.8459920736,44960.0786502942,45159.4795836952,45007.54570740262,45777.27052162352,45068.42101620221,46334.922545628506,45438.46354166665,45012.87283965365,45629.73414024569,45131.00127218968
209,44875.736363541,44907.95371881267,44799.1702465153,44821.1155960261,44434.57301696009,45331.66665671204,44916.52737485119,47196.87918809751,45464.42770833333,45352.31441989971,44350.956298090576,43974.06519717592
210,53445.3024752462,53117.2234359747,53532.5060818886,45982.6944589125,52819.25826908111,52829.82808946863,53972.35184958881,52551.60561399882,54187.70312500002,54078.757778327,53781.664806129455,53899.73750086335
211,55681.1359386645,55127.46055474577,55727.945515317,50029.7224056838,54964.85663287178,55098.08283476687,55322.60093570914,50841.82390482923,55477.573124999966,54860.8975672049,55456.59571590924,55108.39410434858
212,56491.5322609095,55881.13449366408,56324.9651156052,51257.0655020817,55865.23713351523,56069.3790046917,55972.91384971242,55132.92145470562,56237.35583333335,55826.85997523562,55432.19087686525,55077.97442284256
213,57240.4215224175,56664.17992677355,57042.6479980772,52073.8831169714,56514.91187875599,56733.66607260468,56543.383645683214,56158.66228536113,56018.82041666667,55397.30115696305,56426.992116637855,56224.10702859124
214,56766.2031207243,56623.91466995936,56619.2940144678,52157.8717268845,56179.10082107898,56477.24521217111,56502.72005922829,56276.57378106942,57040.49187500003,57186.06663977344,57124.25066672442,57310.74755309816
215,51343.2179234953,51238.643987535295,51391.8065012803,51343.2179234953,50980.56464115914,51846.51895508988,51555.41812753871,52349.21742951377,51536.62375,51163.99133607281,53662.674720400304,53640.37307257272
216,48754.1948207952,48739.56868070267,48772.7774541716,48699.5740532803,48488.95316968509,49370.28453668268,49000.10521938823,51561.7981611584,49501.57625,48956.3708425541,49509.11193771871,48252.85028455066
217,54932.324527809,55240.41960881253,54884.1555042044,47469.7165114752,54554.0135059851,54462.13181955608,55504.73193171462,54968.22220614668,54581.32437499999,54035.4440025798,54711.86385699079,53944.69735913645
218,54063.7029343083,54056.83655922592,53942.675454208,48412.2894013276,53866.69228981391,53743.26832283346,53996.56100583198,50221.79211924334,53383.10770833334,53485.15233039393,53616.48536768672,53493.80951930103
219,52065.3567858492,52517.226803668585,52086.6192757132,46830.8900270213,52620.40255427616,52496.23921241814,52468.25857390504,52805.78529883825,53005.80187500002,53567.25576933232,52348.422370307446,52503.96594708609
220,51253.0898977527,50401.50366678201,51270.6370641135,46086.5514923066,51365.6915415948,51169.73636207309,50594.043856131415,51223.813418503625,50620.18020833331,49953.08572021831,51491.015959362885,50907.3276673536
221,50516.6476442547,50370.96585989198,50409.5082087827,45908.3162504148,50663.72074580789,50520.81604378822,49882.92326956044,50273.96123286902,50619.57999999997,50380.75766196013,51613.87999591592,50695.14749991988
222,45858.3946649633,45572.56456222505,45624.0061056995,45858.3946649633,45751.45800149287,46158.28413181361,45158.14144298199,46276.72491138209,46510.72104166664,46157.77498581129,47770.31100177301,46941.47656484171
223,44754.2576625727,44215.357829345005,44727.7125345306,44699.6368950578,44419.57982134297,44953.43101085111,44513.73184818836,47117.71111100514,49859.23687499997,49743.95066281381,48430.82881904911,47463.89415813263
224,53726.7560478463,54154.27871684321,53976.0754209186,46264.1480315125,53567.85643536343,53414.02101418038,53333.91949574254,53837.91967478202,54525.65854166665,52629.63807987461,54792.54344507491,53076.7458326804
225,55453.2773102978,55269.19791788921,55608.1912195703,49801.8637773171,54979.68000720061,54917.124756665085,54820.97181887946,51130.612400574944,55394.89604166665,54279.26273082077,56548.533466784575,55182.41608614112
226,55080.6963520712,55212.12897262452,55129.1216334268,49846.2295932433,54422.06262171462,54414.69020754055,54684.40952802521,54962.325831984046,54414.10520833333,54255.042754015725,54320.058070635074,53269.43343911245
227,53934.0952415788,54092.90058774826,53797.286492614,48767.5568361327,53382.96502156595,53406.10218417511,53681.83691237518,54576.596677167225,53501.38958333336,53252.05773452161,52929.01754472448,52338.84954157381
228,52429.9083320939,52340.09255502133,52363.9453393172,47821.576938254,52181.3215200314,52288.1131615609,52410.896142254576,53034.97166501472,52832.96812499999,52210.4968560525,52870.019659920166,52472.45225663119
229,46827.8513329712,46182.35025690115,46685.1168754445,46827.8513329712,46655.83289517905,47277.1741167662,46774.35615086323,47845.31495111904,47004.35729166666,45311.24556251468,46827.712581633736,45769.81343554278
230,39666.1681057006,39532.22122719277,39674.2200610797,39611.5473381857,43749.9451800062,44339.55296838976,44003.56457154024,46638.84235742278,44937.21937499999,44667.882793948,43513.78698612139,43201.6695191783
231,51019.2113275467,52219.24095377012,51954.1468255926,43556.603311213,50809.36771974921,50575.09421759473,50878.31342797856,51451.58869821372,49937.19583333334,49918.14501224559,50118.10051612202,50435.68776314955
232,53046.0058258429,53974.86748784369,53305.1638594826,47394.5922928622,54067.17226811975,54018.639104703696,53322.63510220444,49286.33095669445,52469.13104166665,52321.64355144482,53583.90929645464,53566.09358639522
233,57263.1911983443,59132.62370100219,57354.0587843606,52028.7244395164,57824.44760225213,57943.66280083735,57487.05400411673,55748.05448561608,57252.421666666654,57484.580366514216,57484.71844504456,57467.94504041544
234,59217.1247801993,60848.527641451634,58762.6414147107,54050.5863747532,59009.39999564187,59037.35574506481,58634.01667789467,56777.92943456919,58891.316250000025,58502.30446031837,58112.42570616132,57692.16850761874
235,57181.5692519383,58982.68254479816,56737.8684926342,52573.2378580984,56925.14403927345,56836.32036263999,56392.877105635,55698.71049446421,56866.134375,56368.1763576508,57011.87784657613,56891.08116410274
236,50129.4782235559,49603.560852825765,50097.4524870131,50129.4782235559,49699.56607771131,50020.1890832287,49926.30573521759,50996.34031364916,50467.06312499999,50073.720834432526,51904.722489486296,51684.66005240161
237,46498.3374410936,47887.801426982194,46975.8604542591,46443.7166735787,46082.52028896996,46417.61905366291,46065.86146849599,49476.83299469647,46356.29833333334,45763.352830889504,46778.485330773816,45425.267669446985
238,52824.9266064703,53117.85721967,52297.9959771218,45362.3185901365,52439.86082918551,51948.77680971,51515.950043524674,52755.42724808116,51638.59937500001,51369.59302874024,51849.54669736399,50846.108162298064
239,54418.6437654999,54018.495723082815,53979.2328513497,48767.2302325192,54168.47356020103,53710.53467988015,52880.23624454174,49418.980266989856,54774.27041666669,54176.968883825146,54252.43799478905,53342.46612053736
240,50719.3515388884,50209.1585084289,50210.7122102894,45484.8847800605,55286.72796908742,54776.85355245235,53891.3844959014,52454.51196273153,50702.56562500001,49230.85996630012,50192.66683385246,48915.59803691004
241,53430.1737739237,52575.63728392414,52821.519031721,48263.6353684776,53353.09075942972,52440.23697451897,49711.326111636175,48450.63713581586,54921.46541666665,53448.8310303986,53764.05015298233,52247.55570538551
242,54396.8123232727,53547.80163123376,54173.6122778211,49788.4809294328,54234.67505575691,53350.46763103087,51820.87488092805,51670.62899114932,55234.79729166668,53632.2396884324,55167.9239472149,53747.40285038782
243,48761.166961578,47590.47194321734,48418.8024939627,48761.166961578,48573.71291087609,48202.90593633755,47580.13629943885,48826.26615029902,47083.82729166666,45433.27119397108,49243.58440128671,47621.571665091775
244,46153.9206339714,44745.22233968602,45726.5643070556,46099.2998664565,45523.43381409138,45176.19827026542,44867.99148936685,47604.91150642812,45755.22104166664,44924.40415982866,45642.29446081957,43975.04008647431
245,54400.8828895382,53723.48333748217,54167.4018541274,46938.2748732044,54183.88999625914,53140.50564637064,52414.80032406602,54089.16057415911,54547.79854166668,53642.52297089288,53418.291521083855,52659.98708992475
246,56613.2857115723,56074.43646094847,56312.509419335,50961.8721785917,56532.98401789962,55674.81711685529,54912.9003920236,52254.108529909136,55741.88729166665,54505.68590390444,55699.46317898527,55183.49023221211
247,55946.1417521833,55618.51390142455,55638.3923522377,50711.6749933555,56047.03592722048,55232.65842737678,55113.99495862085,54831.63761013176,53759.48020833334,52876.09265305575,54467.34538687121,54032.90809524923
248,57447.5401504565,57074.57206393625,57320.1775226112,52281.0017450103,57567.1658464848,56802.63522453478,56169.58924608907,56310.735614645535,56035.08666666664,56143.54961720074,55301.78898407942,55198.19942750267
249,60122.0036281047,59721.62202723672,59702.366552036,55513.6722342648,60007.09429709233,59451.17888036515,58554.408414477184,58794.34555228311,58940.368125000015,59284.92955629724,59184.03935302513,59496.48813107542
250,58136.4922807669,57453.35952402094,57760.3823931474,58136.4922807669,57811.639569010935,57888.82499259207,57333.95861676837,57384.78300710916,59174.56791666666,59478.37449939892,59999.01763223908,60408.55450984839
251,56896.5734988007,56233.69858567592,56609.6228085797,56841.9527312858,56256.68891374728,56267.50988584258,55745.03449285618,56689.04617741579,58238.43770833334,57087.55739680186,57319.94413812249,56123.242640017495
252,63648.4696613101,63173.78086200414,63323.2552246882,56185.8616449763,63253.05664037493,62353.42111946793,62495.03157227746,61219.62546958042,61465.78770833333,60415.50546888906,61588.01041323014,60587.58649990862
253,64917.0804907633,64030.45504547004,64390.9737732756,59265.6669577826,64664.30446676525,63807.21594372971,62730.84325592744,59664.50401313708,63864.15416666667,64144.94180325859,65077.79784370684,64909.99443996147
254,63399.8099278387,62600.73290605512,63029.6055103374,58165.3431690108,63289.075138551256,62339.85457285131,61730.10779801432,60975.254352639386,62460.69666666665,62128.798715674,62755.07960393556,61933.55834924566
255,62616.1545322272,61722.92844433183,62288.3562314208,57449.6161267811,62590.77836593946,61644.76260967541,61310.13376460728,62012.30314057094,61272.74812500002,60870.77503590846,61083.60140155333,60317.21218792821
256,61438.2088306535,60657.102449921455,61201.758507142,56829.8774368136,61307.94953295656,60373.05842906873,59958.472356490674,60265.19306750569,60853.41541666667,59982.3976631752,60861.76828763964,60096.42046331069
257,56564.7752866807,55742.96727347199,56222.8669868024,56564.7752866807,56540.46368988363,56145.47790521739,55410.831182479975,56971.22104784461,56919.13645833335,56117.83706055265,56853.21080012024,56330.7879150391
258,57032.2967735301,56119.75591358768,56590.2670454117,56977.6760060152,56811.8402343831,56579.50102023409,55764.74126893481,58596.70747486589,58648.65270833334,58046.82492510355,55422.48277685045,54658.938365531234
259,67893.4585153232,66880.67169676426,67589.3789282011,60430.8504989894,67154.16911977998,66215.16629585977,66009.26874242627,65189.10324880462,67479.61312499999,66395.39329274061,68821.85694540358,68776.71809716949
260,68604.3111298646,67302.9752321784,68328.9943088171,62952.897596884,68303.93309800184,67343.62700936708,67107.31964499525,62181.75427310712,68212.68666666666,67710.06266957018,68476.19354817901,67644.29369047402
261,69234.2663433439,68007.74006494535,69000.3382198407,63999.799584516,68850.0436775489,67986.5654329599,67836.2698415685,67643.30324706691,69197.98333333334,68655.8721356544,68996.73968524882,68400.55372372238
262,68781.0842745741,67253.66175434217,68471.1844985058,63614.545869128,68319.27601539392,67449.95169103728,67597.27515549042,67601.40003146412,69187.85416666667,68359.24656066073,68725.29440316749,68000.82046804941
263,68502.8182743962,67340.0949253494,68055.3661973962,63894.4868805563,68380.04883464074,67650.25039445172,67490.73368703962,67777.77959497858,68799.26791666663,67187.36331206786,69132.23940905348,68051.64158663039
264,65069.2085896677,63312.18628090608,64593.0061400941,65069.2085896677,64591.23170061713,64389.83746892658,63433.53790272989,63708.47327542112,64907.107916666624,63256.221133830855,65630.55518274289,64381.556754148965
265,63604.216940076,62099.16464574185,63300.9722800221,63549.5961725611,63257.88367795785,63059.50949937996,62688.45859910605,64144.34361588248,64104.669583333336,63198.81812041695,64553.0842911052,62970.11956855273
266,71725.8282332653,70065.69404643569,71466.5116439858,64263.2202169314,71234.31335266377,70232.13289599233,70124.49190920085,69857.40658773425,72672.54166666663,71450.14470408352,71662.62451992709,70064.74597008993
267,72716.2744500431,72162.44087608378,72448.1921294185,67064.8609170624,72821.53225885995,71875.21372944668,71561.25579124143,67715.36490392628,73215.79270833329,71678.35032237091,73015.16400918034,71793.21651598868
268,72816.2545598854,71879.56049516061,72442.127597292,67581.7878010576,72976.4588480796,72020.67489587088,71390.09163469532,70885.34557005155,73490.84020833332,71609.35190167838,72679.81608175498,71002.06465345515
269,72312.2046914698,71437.9556594971,72043.1799074404,67145.6662860237,72442.59341682942,71476.97422699361,71488.27131269572,71633.66127304167,73015.38416666664,71705.65420652284,72235.62003780651,71215.11083646209
270,68577.7575904156,67198.31405846987,68194.9463713477,63969.4261965757,68483.29633998922,67440.98138652538,67155.81144491832,68337.53387755512,68795.26479166663,67200.90820162205,70333.93625884714,69043.60786336374
271,61829.6958072976,61029.02792234055,61661.4305473632,61829.6958072976,62394.14203165857,61884.56734451951,61461.22461798311,63631.89638530339,60733.36499999997,59383.86148006886,62831.56225737985,61056.75149407388
272,58950.1515946429,58499.45247794397,58467.2620547699,58895.530827128,59075.72628809858,58583.96905502888,57713.46089928519,61105.16565167476,59139.41104166663,57888.94082022471,59762.24083668693,57835.025494762056
273,64782.3411899939,63158.67356027968,64668.8405330995,57319.7331736601,64805.31773223741,63514.51756817329,64447.18723203603,65564.2436442581,64487.68854166666,63670.6542747231,64869.391317549125,63617.16095116761
274,64317.0637045965,64015.6888585489,64057.0276280105,58665.6501716158,64899.64796622888,63688.775450705296,63622.77583151915,60922.20026543662,63342.665625000016,62518.9689313062,65003.48367524106,63939.64535445022
275,64186.9152862463,63643.72879377986,64015.8749875589,58952.4485274184,64563.18704495865,63359.43109493099,63007.33295302331,62515.22957244972,64004.853125,63029.55708774495,64827.95342514323,63049.32331025408
276,63872.3870268304,62745.22147298648,63499.2722587637,58705.8486213842,64050.61711200693,62838.804432146026,62900.334438932485,62608.51873163439,63546.98104166665,62995.08199503007,64605.80948033522,62948.28192953984
277,61198.9578872172,61713.340721034096,60802.8929825718,56590.6264933773,62663.91370885944,61533.630806861554,61743.3634460721,61696.577919628384,63227.58854166665,62532.28967042496,63870.18459246051,61972.09150496712
278,54840.6867204551,53966.08677403142,54697.6912637457,54840.6867204551,55699.20504687064,55005.86855699124,55202.553105800085,55540.95481434123,56389.66583333331,55393.68118974594,57161.48897796812,55332.01430904653
279,52865.3198577515,51865.72565382498,53186.7930900927,52810.6990902366,53387.89052441896,52866.86398545701,53834.472650141695,56062.789440561566,55108.04354166666,54330.33320111719,54364.99914783679,52696.71549615528
280,59238.3743681299,58400.10252116526,59520.367217446,51775.7663517961,59150.60776494328,57925.46218503128,59451.38710362477,60093.77494009076,59272.94500000002,58295.89104240789,60925.25428568271,59574.55061163184
281,58263.7003866445,57057.79180545606,58299.9789027744,52612.2868536638,57747.68874984139,56618.50243369708,57979.23747982885,55024.39346561053,58724.29604166666,58434.672187806194,57430.27689857884,56124.64870719293
282,56783.9138497985,55085.67516484737,56359.485482091,51549.4470909707,55991.78836949171,54925.35026605628,55647.75385632154,55830.1862851004,58102.14895833333,56553.75084154858,56264.966897984144,54904.36488187088
283,58357.432783479,56983.86906083505,57812.1829521068,53190.8943780329,58258.9305496019,57414.52359107549,58451.34501438384,57677.1764873474,58868.93249999997,57059.48002075152,56287.5847391566,55131.675596525776
284,58004.6931956306,56198.76725115505,57546.2711737285,53396.3618017907,61916.01293269073,61286.39733160921,61330.275410216615,58738.714192090745,60279.88666666669,58495.965622978576,56554.12048834025,55925.85780668325
285,59183.546307693,57180.36544204463,59114.4110348697,59183.546307693,58156.48790831256,57737.75974925939,55483.03313727802,53489.39174374065,62357.298750000016,60217.843145212304,60331.69554734675,60159.49480557788
286,60307.2208284523,58609.6314119697,60871.1205003388,60252.6000609374,59003.09604465389,58846.11887237997,60589.095097006735,60695.463079275774,63356.83750000003,62317.244479199566,60515.99187541607,60752.20680074919
287,67326.2916107897,67166.573653482,67997.8656731785,59863.6835944559,66268.91355233589,65421.88700713291,63446.08826086567,66057.76133139881,67944.0277083333,66043.51916585017,65777.92823038822,66361.88001681172
288,66491.7245522496,63890.354352322254,65918.5989570866,60840.311019269,65822.10551315543,65109.92480217604,64584.07375598629,63607.324252835046,65968.175625,63073.57851278103,67032.52783284568,66561.07572146266
289,67151.7574393923,66890.83736058637,66297.4573608506,61917.2906805644,66554.93268751314,65910.3655881601,65585.98542256656,65275.83853694451,66083.94125,64016.32935057664,67728.28672145066,66783.13962909108
290,67441.13859917,67408.75952876496,66498.9036400441,62274.6001937238,67361.0892472532,66703.92362027534,66332.61855548706,65951.11610792698,67106.71999999997,65509.85772712422,67884.75891849036,66810.17002497044
291,64312.2169998288,63934.67760684141,63918.6078522099,59703.8856059888,68721.14001471622,68119.26897268964,67045.3917077257,65958.39765037432,67964.72541666667,66359.28268217827,67625.48485277982,66127.68023232477
292,64855.2718919537,66878.33929093955,65184.3114483134,64855.2718919537,64930.80710796252,64535.44786083218,62901.53090537216,61605.4692203605,68186.94375000005,65120.46958980655,68044.78869097374,65529.71749066637
293,66299.3855430784,67504.78260187795,66889.2657198733,66244.7647755635,67025.74373607947,66833.96938366251,68300.28334636735,67511.31954701403,68662.63166666667,66725.05477966229,68733.26876416375,66998.30899732739
294,75538.8701038656,73154.93028127572,75369.8193817531,68076.2620875318,74654.63167390756,73521.52003853844,68534.0638211738,69578.17719750456,75525.80479166663,73908.46413897227,74812.42714979131,72717.56250979776
295,77564.3279558594,77080.84932510015,77589.2684209388,71912.9144228787,77349.17958974418,76461.65342217138,76517.72640908194,73956.156337274,75906.94374999998,75029.38458735525,77559.31268636535,76558.6582797757
296,78359.6634036401,76820.85417247453,78236.3561611763,73125.1966448122,78704.93668265584,77944.52799446661,78836.56512750489,77793.72382113372,77086.70666666667,76566.14661583709,78167.15257747163,77180.7234352051
297,79237.5233682508,77153.3496419791,78918.3436772454,74070.9849628047,79662.10430825352,78971.98339556465,79284.93788802956,78820.14310540119,77481.30604166666,76650.87761671816,79350.2239879638,78479.6773133305
298,79530.8172130809,80024.17645440107,79445.0995356782,74922.485819241,80038.72463710717,79454.78760186791,79549.91110862534,79094.82289159656,77846.64062500003,78311.61627930622,81428.82332054828,81071.40379870315
299,75075.1315219254,73821.88402327098,75355.4953193455,75075.1315219254,75995.811098326,75900.47438674844,76817.77544394178,76253.06343693391,79261.4910416667,79531.621505412,78449.21502536326,77098.05840080265
300,72899.332374631,72720.95813926784,72765.2809664368,72844.711607116,73693.24229881304,73574.66900467033,73167.65058471357,74953.75007193447,76017.55375000004,74569.19090227509,74637.6470386526,72798.21304415211
301,79967.5425495785,80158.62892369935,79890.0255943234,72504.9345332448,80382.59663544617,79286.28267170815,78389.20892937429,76847.81283056966,81116.29041666671,80238.00836203148,81253.60554780487,79752.08416797729
302,78164.3188070113,77484.08943542503,78266.0237384642,72512.9052740306,78144.43996108796,76985.85990952297,77848.15640863513,74846.6516046057,78374.28625000002,77861.58630376945,78318.99036329247,76976.26110698596
303,73643.6641733656,73308.96250576881,73606.5419949732,68409.1974145378,73679.66225239736,72528.40766194196,73771.93853736676,75713.116172666,73388.77229166668,72983.87457966403,71929.9415754231,70674.13963571524
304,70417.2725266855,69606.89208467898,70057.9479915641,65250.7341212394,70475.41684288086,69345.6606119792,69643.50377952616,71587.5021027335,69696.78833333329,68389.41836480147,70800.82830188016,69507.81143742977
305,71072.8764435951,72004.78513705386,70607.1118545444,66464.5450497552,72013.20432358333,71139.36254825637,70899.76421902918,70957.32874696719,71586.30062499999,69596.49459542602,71968.23150683824,70304.90582172744
